City_ID,City,Lat,Lng,Max Temp,Humidity,Cloudiness,Wind Speed,Country,Date
0,port mathurin,-19.6833,63.4167,71.58,77,73,20.0,MU,1695606273
1,adamstown,-25.066,-130.1015,68.9,76,100,27.49,PN,1695606262
2,jayapura,-2.5333,140.7,87.19,76,94,4.9,ID,1695606407
3,uturoa,-16.7333,-151.4333,74.23,74,100,24.94,PF,1695606286
4,albany,42.6001,-73.9662,57.85,85,100,2.82,US,1695606065
5,port elizabeth,-33.918,25.5701,64.69,96,75,19.57,ZA,1695606267
6,ishqoshim,36.7248,71.6133,43.36,76,51,1.52,TJ,1695606407
7,port-aux-francais,-49.35,70.2167,34.79,60,10,23.76,TF,1695606266
8,grytviken,-54.2811,-36.5092,18.05,83,24,9.98,GS,1695606262
9,bodo,67.28,14.405,50.04,86,100,5.75,NO,1695606408
10,tiksi,71.6872,128.8694,36.09,97,100,9.93,RU,1695606268
11,alta,69.9689,23.2717,43.86,88,100,3.44,NO,1695606263
12,ushuaia,-54.8,-68.3,40.66,81,0,20.71,AR,1695606261
13,waitangi,-43.9535,-176.5597,53.82,88,100,7.0,NZ,1695606261
14,pisco,-13.7,-76.2167,67.01,88,100,14.97,PE,1695606270
15,avarua,-21.2078,-159.775,71.65,60,75,17.27,CK,1695606284
16,polovinnoye,54.7914,65.9864,53.35,91,10,7.58,RU,1695606408
17,nieuw amsterdam,5.8833,-55.0833,83.01,85,100,5.99,SR,1695606408
18,kolwezi,-10.7148,25.4667,65.91,47,12,1.32,CD,1695606408
19,rikaze,29.25,88.8833,53.42,49,68,1.74,CN,1695606309
20,talnakh,69.4865,88.3972,36.21,96,100,16.26,RU,1695606270
21,invercargill,-46.4,168.35,57.02,54,0,4.0,NZ,1695606263
22,vilyuchinsk,52.9306,158.4028,59.27,56,95,8.41,RU,1695606409
23,international falls,48.6011,-93.411,59.18,88,100,9.22,US,1695606409
24,iqaluit,63.7506,-68.5145,33.53,93,75,2.3,CA,1695606265
25,dubreka,9.7911,-13.5233,73.47,94,52,2.28,GN,1695606409
26,paita,-5.0892,-81.1144,69.35,81,6,12.01,PE,1695606129
27,broken hill,-31.95,141.4333,78.42,38,50,6.22,AU,1695606366
28,longyearbyen,78.2186,15.6401,19.2,91,90,1.36,SJ,1695606270
29,santyoku,37.4406,129.1708,69.82,71,99,2.66,KR,1695606410
30,atafu village,-8.5421,-172.5159,82.15,83,100,19.62,TK,1695606267
31,el calafate,-50.3408,-72.2768,36.41,76,4,8.79,AR,1695606410
32,college,64.8569,-147.8028,50.32,57,20,3.44,US,1695606265
33,jamestown,42.097,-79.2353,59.02,96,100,7.0,US,1695606171
34,st. john's,47.5649,-52.7093,53.67,94,100,6.91,CA,1695606279
35,puerto ayora,-0.7393,-90.3518,73.54,90,16,5.01,EC,1695606053
36,hereford,52.0568,-2.7148,61.34,93,4,4.0,GB,1695606410
37,najran,17.4924,44.1277,79.45,29,12,3.69,SA,1695606410
38,moree,-29.4667,149.85,75.85,34,4,7.31,AU,1695606410
39,batang,-6.4846,110.7083,88.16,49,5,0.58,ID,1695606411
40,olonkinbyen,70.9221,-8.7187,37.85,78,32,9.26,SJ,1695606273
41,edinburgh of the seven seas,-37.0676,-12.3116,59.13,92,100,31.25,SH,1695606275
42,miles city,46.4083,-105.8406,65.37,63,0,6.91,US,1695606411
43,nova sintra,14.8667,-24.7167,76.19,82,100,11.48,CV,1695606323
44,labrador city,52.9463,-66.9114,44.51,81,100,6.91,CA,1695606312
45,vershino-darasunskiy,52.35,115.5167,47.03,77,100,8.77,RU,1695606411
46,wailua homesteads,22.0669,-159.378,84.63,67,40,14.97,US,1695606267
47,broome,42.2506,-75.833,58.19,90,100,8.05,US,1695606270
48,ust-nera,64.5667,143.2,33.13,68,13,1.63,RU,1695606273
49,porto velho,-8.7619,-63.9039,87.85,62,0,4.61,BR,1695606411
50,tecax,20.2,-89.2833,73.67,91,72,3.58,MX,1695606411
51,carcassonne,43.25,2.1667,58.39,77,0,3.44,FR,1695606412
52,puerto natales,-51.7236,-72.4875,34.66,94,19,4.83,CL,1695606225
53,bilibino,68.0546,166.4372,32.85,68,100,2.66,RU,1695606277
54,arraial do cabo,-22.9661,-42.0278,71.11,87,76,15.79,BR,1695606045
55,west valley,46.5921,-120.6051,61.65,70,100,8.05,US,1695606412
56,plouzane,48.3833,-4.6167,62.65,97,40,8.05,FR,1695606412
57,gustavia,17.8962,-62.8498,85.12,81,100,8.99,BL,1695606412
58,yellowknife,62.456,-114.3525,48.72,94,100,17.27,CA,1695606135
59,papatowai,-46.5619,169.4708,54.05,47,0,9.91,NZ,1695606269
60,antsiranana,-12.2787,49.2917,71.92,77,5,16.93,MG,1695606412
61,kyaukse,21.6,96.1333,82.4,83,40,0.0,MM,1695606413
62,nova xavantina,-14.6667,-52.35,84.72,37,15,1.39,BR,1695606413
63,mulayjah,27.271,48.4242,87.3,18,0,8.25,SA,1695606413
64,punta arenas,-53.15,-70.9167,42.91,70,75,17.27,CL,1695606276
65,hotan,37.0997,79.9269,60.98,18,100,4.54,CN,1695606309
66,illizi,26.4833,8.4667,85.8,25,83,5.3,DZ,1695606413
67,isangel,-19.55,169.2667,78.91,65,40,8.05,VU,1695606413
68,bontang,0.1333,117.5,84.38,67,62,7.65,ID,1695606413
69,east london,-33.0153,27.9116,66.72,90,100,29.28,ZA,1695606310
70,chonchi,-42.6128,-73.8092,42.12,93,82,1.68,CL,1695606278
71,saint-philippe,-21.3585,55.7679,69.39,80,35,9.89,RE,1695606292
72,el zulia,7.9325,-72.6012,87.31,51,40,20.71,CO,1695606414
73,afaahiti,-17.75,-149.2833,78.67,86,100,21.81,PF,1695606306
74,palikir - national government center,6.9248,158.1611,86.85,74,100,5.75,FM,1695606291
75,hermanus,-34.4187,19.2345,56.8,94,100,32.46,ZA,1695606274
76,san patricio,28.017,-97.5169,86.54,69,0,14.25,US,1695606269
77,saipan,15.1355,145.701,86.7,74,20,5.75,MP,1695606271
78,newman,37.3138,-121.0208,80.26,52,49,5.99,US,1695606414
79,zapolyarnyy,69.4154,30.8136,40.28,89,100,12.3,RU,1695606414
80,coquimbo,-29.9533,-71.3436,56.93,82,0,2.3,CL,1695606414
81,figuig (centre),32.1089,-1.2286,77.16,25,0,3.27,MA,1695606414
82,qalat,32.1058,66.9083,56.84,23,0,1.32,AF,1695606415
83,dongkan,33.9997,119.8308,69.12,95,100,9.64,CN,1695606415
84,blackmans bay,-43.0167,147.3167,53.53,90,98,12.75,AU,1695606262
85,port alfred,-33.5906,26.891,64.18,99,100,10.0,ZA,1695606262
86,hamilton,39.1834,-84.5333,72.45,71,100,10.36,US,1695606219
87,acapulco de juarez,16.8634,-99.8901,85.82,79,40,6.91,MX,1695606282
88,rongelap,11.1635,166.8941,84.42,76,17,11.05,MH,1695606278
89,isafjordur,66.0755,-23.124,43.0,93,100,30.67,IS,1695606262
90,nurabad,34.0734,47.9725,58.03,24,0,2.13,IR,1695606415
91,hawaiian paradise park,19.5933,-154.9731,82.04,76,40,10.36,US,1695606272
92,sarmiento,-45.5882,-69.07,47.35,50,71,8.77,AR,1695606416
93,jinchang,38.4953,102.1739,59.63,41,97,6.02,CN,1695606416
94,mar del plata,-38.0023,-57.5575,46.09,79,0,3.44,AR,1695606311
95,vila franca do campo,37.7167,-25.4333,63.01,99,34,3.36,PT,1695606331
96,waddan,29.1614,16.139,72.05,73,2,9.24,LY,1695606293
97,tabina,7.4669,123.4081,84.31,70,60,4.43,PH,1695606416
98,harnosand,62.6323,17.9379,41.0,74,100,15.39,SE,1695606416
99,enewetak,11.3474,162.3373,83.98,79,100,12.97,MH,1695606299
100,ribeira grande,38.5167,-28.7,71.78,65,100,15.99,PT,1695606265
101,salinas,36.6777,-121.6555,66.29,73,0,9.22,US,1695606272
102,ust'-kut,56.7938,105.7672,46.22,86,100,3.71,RU,1695606416
103,anadyr,64.75,177.4833,43.3,100,100,6.71,RU,1695606289
104,tremonton,41.7119,-112.1655,66.7,49,60,5.01,US,1695606417
105,cabo san lucas,22.8909,-109.9124,95.31,43,0,8.05,MX,1695605619
106,thunder bay,48.4001,-89.3168,58.98,88,75,9.22,CA,1695606417
107,tralee,52.2704,-9.7026,56.57,87,78,18.3,IE,1695606319
108,hami,42.8,93.45,54.64,44,100,6.35,CN,1695606417
109,kourou,5.1552,-52.6478,77.05,89,59,7.07,GF,1695606417
110,yuzhno-kurilsk,44.0306,145.8556,63.54,76,70,10.25,RU,1695606270
111,puerto baquerizo moreno,-0.9,-89.6,75.45,74,96,8.81,EC,1695606036
112,richards bay,-28.783,32.0377,69.39,92,94,7.18,ZA,1695606273
113,zhosaly,45.4878,64.0781,57.38,34,5,11.56,KZ,1695606417
114,lazaro cardenas,17.9583,-102.2,83.77,84,3,5.48,MX,1695606052
115,novodvinsk,64.4165,40.8122,49.39,96,78,4.09,RU,1695606418
116,saudarkrokur,65.7461,-19.6394,39.2,90,93,4.97,IS,1695606281
117,mount isa,-20.7333,139.5,85.77,26,6,13.8,AU,1695606298
118,fort bragg,35.139,-79.006,74.93,77,100,1.01,US,1695606273
119,shingu,33.7333,135.9833,78.22,68,66,16.13,JP,1695606418
120,poxoreo,-15.8372,-54.3892,85.39,34,48,2.73,BR,1695606418
121,paracuru,-3.41,-39.0306,81.1,83,25,12.15,BR,1695606418
122,magadan,59.5667,150.8,45.54,86,100,7.83,RU,1695606312
123,corinto,37.9407,22.9573,72.9,72,93,6.91,GR,1695606279
124,saldanha,-33.0117,17.9442,57.34,91,100,34.69,ZA,1695606418
125,akhmim,26.5622,31.745,77.2,25,8,8.3,EG,1695606285
126,boryeong,36.3493,126.5977,71.56,77,100,4.47,KR,1695606419
127,aasiaat,68.7098,-52.8699,30.76,57,100,4.47,GL,1695606294
128,colonia,50.9333,6.95,57.96,78,0,6.91,DE,1695606271
129,naze,28.3667,129.4833,76.12,81,26,10.6,JP,1695606282
130,lebu,-37.6167,-73.65,45.77,83,0,7.72,CL,1695606263
131,carnarvon,-24.8667,113.6333,69.82,66,57,23.4,AU,1695606291
132,san luis de la loma,17.2706,-100.8939,82.98,85,46,3.44,MX,1695606419
133,petropavlovsk-kamchatsky,53.0452,158.6483,57.78,51,75,8.95,RU,1695606062
134,tatsinskiy,48.1968,41.2756,59.0,51,0,9.1,RU,1695606419
135,alice springs,-23.7,133.8833,81.95,13,4,14.97,AU,1695606144
136,stanley,54.868,-1.6985,57.27,86,55,17.87,GB,1695606291
137,sampit,-2.5333,112.95,89.17,52,72,4.32,ID,1695606420
138,minas de marcona,-15.2119,-75.1103,57.27,84,63,12.17,PE,1695606313
139,georgetown,5.4112,100.3354,83.01,94,40,4.61,MY,1695605862
140,bethel,41.3712,-73.414,61.2,88,100,10.36,US,1695606263
141,boa vista,2.8197,-60.6733,80.58,78,75,2.3,BR,1695606233
142,salinopolis,-0.6136,-47.3561,80.73,76,0,13.69,BR,1695606420
143,levuka,50.1834,-105.4011,62.31,48,100,4.76,CA,1695606420
144,bela,25.9333,81.9833,77.68,89,71,5.03,IN,1695606420
145,bidar,17.9,77.55,72.21,93,100,5.57,IN,1695606420
146,west island,-12.1568,96.8225,78.78,78,100,12.66,CC,1695606289
147,crane,31.3974,-102.3501,89.92,21,0,5.95,US,1695606274
148,callao,-12.0667,-77.15,67.71,77,100,9.22,PE,1695606283
149,klyuchi,52.2667,79.1667,48.11,81,98,7.34,RU,1695606297
150,neftcala,39.3742,49.2472,70.39,62,61,4.63,AZ,1695606421
151,vorkuta,67.5,64.0,47.57,89,100,8.3,RU,1695606310
152,shalkar,47.8288,59.6258,56.26,42,88,8.03,KZ,1695606421
153,alofi,-19.0595,-169.9187,78.69,53,98,18.41,NU,1695606263
154,thompson,55.7435,-97.8558,62.76,82,100,2.3,CA,1695605996
155,geraldton,-28.7667,114.6,66.61,72,100,19.57,AU,1695605869
156,guajara,-2.9667,-57.6667,86.74,41,82,1.07,BR,1695606422
157,darnah,32.767,22.6367,76.73,71,1,10.63,LY,1695606422
158,huangyan,28.6478,121.2594,85.37,73,37,2.68,CN,1695606422
159,weno,7.4515,151.8468,89.55,79,100,8.05,FM,1695606278
160,lukoyanov,55.0277,44.4786,54.86,57,6,9.37,RU,1695606422
161,nobres,-14.7203,-56.3275,88.3,26,47,3.49,BR,1695606422
162,cidreira,-30.1811,-50.2056,63.36,90,100,7.36,BR,1695606327
163,bubaque,11.2833,-15.8333,82.54,77,45,8.34,GW,1695606423
164,tshikapa,-6.4167,20.8,74.14,77,100,1.74,CD,1695606423
165,remire-montjoly,4.9167,-52.2667,77.04,94,20,0.0,GF,1695606318
166,utrik,11.2278,169.8474,83.53,78,84,21.94,MH,1695606268
167,tefe,-3.3542,-64.7114,80.08,60,8,2.1,BR,1695606423
168,margaret river,-33.95,115.0667,59.92,55,13,7.34,AU,1695606270
169,kodiak,57.79,-152.4072,53.11,50,75,5.75,US,1695606281
170,port blair,11.6667,92.75,77.04,94,75,6.91,IN,1695606423
171,collie,-33.3667,116.15,63.32,57,0,6.08,AU,1695606424
172,yeppoon,-23.1333,150.7333,74.98,55,69,15.28,AU,1695606424
173,marovoay,-16.1,46.6333,68.49,65,0,4.65,MG,1695606424
174,los aquijes,-14.0967,-75.6908,72.18,61,99,1.05,PE,1695606424
175,buinsk,54.95,48.2833,57.33,46,0,6.98,RU,1695606424
176,tazovsky,67.4667,78.7,45.3,95,100,20.51,RU,1695606266
177,quellon,-43.1167,-73.6167,39.63,82,58,4.61,CL,1695606326
178,severo-yeniseyskiy,60.3725,93.0408,32.85,78,62,3.2,RU,1695606425
179,chibougamau,49.9168,-74.3659,53.22,76,0,6.91,CA,1695606306
180,ismailia,30.6043,32.2723,69.73,80,0,1.1,EG,1695606425
181,kirakira,-10.4544,161.9205,85.03,61,100,14.7,SB,1695606277
182,pauini,-7.7136,-66.9764,79.27,64,19,2.62,BR,1695606313
183,laguna,38.421,-121.4238,76.75,47,0,8.05,US,1695606425
184,at taj,24.2049,23.2857,73.87,26,0,6.67,LY,1695606425
185,harper,4.375,-7.7169,75.54,91,100,3.69,LR,1695606327
186,cumana,10.4635,-64.1775,81.59,82,74,6.2,VE,1695606425
187,keflavik,64.0049,-22.5624,49.91,81,75,14.97,IS,1695606310
188,macapa,0.0389,-51.0664,84.18,74,20,9.22,BR,1695606426
189,cheremukhovo,60.3484,59.9851,51.21,80,4,5.14,RU,1695606426
190,corowa,-36.0333,146.3833,66.58,54,100,7.47,AU,1695606426
191,la passe,45.5549,-0.8967,52.03,61,0,3.33,FR,1695606426
192,singkil,-7.9855,111.4161,85.78,51,23,8.37,ID,1695606426
193,el haouaria,37.05,11.0144,69.82,63,0,12.66,TN,1695606427
194,alzamay,55.5562,98.6644,38.62,95,100,3.69,RU,1695606427
195,ust-tsilma,65.441,52.1498,52.99,96,100,3.69,RU,1695606427
196,oras,12.1406,125.4397,83.5,81,88,6.31,PH,1695606427
197,umluj,25.0213,37.2685,86.11,57,13,9.1,SA,1695606427
198,san nicolas de los arroyos,-33.3358,-60.2252,58.05,61,100,7.2,AR,1695606427
199,rio grande,-32.035,-52.0986,54.95,80,100,11.14,BR,1695606264
200,kiunga,-6.1219,141.2906,73.69,97,100,3.09,PG,1695606427
201,wakkanai,45.4094,141.6739,70.09,71,75,12.66,JP,1695606428
202,ilulissat,69.2167,-51.1,32.02,47,100,6.91,GL,1695606230
203,mendoza,-32.8908,-68.8272,60.33,59,20,8.05,AR,1695606134
204,roccella ionica,38.322,16.4009,66.22,74,2,4.76,IT,1695606428
205,aykhal,66.0,111.5,50.97,72,35,10.76,RU,1695606428
206,conde,-7.2597,-34.9075,76.46,88,40,6.91,BR,1695606428
207,dunedin,-45.8742,170.5036,50.07,62,3,15.37,NZ,1695606378
208,moose jaw,50.4001,-105.5344,62.85,63,100,8.05,CA,1695606428
209,badger,64.8,-147.5333,50.25,56,0,3.44,US,1695606261
210,yulinshi,38.2906,109.7494,59.67,73,100,6.17,CN,1695606428
211,namibe,-15.1961,12.1522,61.56,82,4,3.91,AO,1695606429
212,gorontalo,0.5412,123.0595,88.45,48,100,9.53,ID,1695606429
213,vorgashor,67.5833,63.95,46.53,88,100,8.61,RU,1695606294
214,nuuk,64.1835,-51.7216,34.41,80,97,6.91,GL,1695606326
215,kinarut,5.8231,116.0466,82.42,78,20,4.61,MY,1695606429
216,mostovskoy,44.4122,40.7936,55.29,88,0,3.62,RU,1695606429
217,shache,38.4167,77.2406,61.72,19,100,4.18,CN,1695606429
218,arkalyk,50.2486,66.9114,53.4,56,5,6.82,KZ,1695606429
219,gebeit,21.0667,36.3167,83.61,27,5,4.68,SD,1695606288
220,sitka,57.0531,-135.33,53.49,82,100,0.0,US,1695606308
221,le lavandou,43.137,6.366,64.76,67,0,4.61,FR,1695606430
222,ciudad lazaro cardenas,17.9583,-102.2,83.77,84,3,5.48,MX,1695606283
223,el fasher,13.6279,25.3494,84.56,23,64,3.04,SD,1695606430
224,kailua-kona,19.6406,-155.9956,82.36,80,75,11.5,US,1695606287
225,cockburn town,21.4612,-71.1419,84.65,80,100,19.53,TC,1695606430
226,constantia,44.1833,28.65,65.08,83,5,11.83,RO,1695606284
227,cooper's town,26.8667,-77.5167,82.87,74,82,11.1,BS,1695606430
228,praia da vitoria,38.7333,-27.0667,70.75,73,20,8.34,PT,1695606290
229,adrar,20.5022,-10.0711,89.47,18,1,10.89,MR,1695606430
230,necochea,-38.5473,-58.7368,41.05,72,8,1.43,AR,1695606431
231,bredasdorp,-34.5322,20.0403,53.31,95,12,5.06,ZA,1695606269
232,qaqortoq,60.7167,-46.0333,34.97,58,8,3.58,GL,1695606272
233,myski,53.709,87.8014,37.65,93,100,4.65,RU,1695606431
234,pokhara,28.2333,83.9833,71.19,91,99,0.63,NP,1695606431
235,lihue,21.9789,-159.3672,85.24,66,40,14.97,US,1695606268
236,ad darb,17.7229,42.2526,87.69,75,53,2.71,SA,1695606431
237,nova vicosa,-17.8919,-39.3719,75.96,85,10,15.19,BR,1695606229
238,axim,4.8699,-2.2405,75.96,92,85,7.65,GH,1695606431
239,pahrump,36.2083,-115.9839,86.05,20,0,1.99,US,1695606432
240,howard springs,-12.497,131.047,89.82,36,15,4.65,AU,1695606300
241,san ignacio,17.1561,-89.0714,82.54,78,0,0.0,BZ,1695606432
242,turkmenbasy,40.0222,52.9552,66.97,27,0,13.8,TM,1695606350
243,mount gambier,-37.8333,140.7667,61.23,70,74,11.14,AU,1695606269
244,pechora,65.1472,57.2244,55.56,95,100,4.32,RU,1695606432
245,gazli,40.1333,63.45,63.19,45,0,10.54,UZ,1695606432
246,sassandra,4.95,-6.0833,73.22,96,95,3.87,CI,1695606432
247,novaya igirma,57.1334,103.9112,43.61,61,100,6.4,RU,1695606432
248,antofagasta,-23.65,-70.4,61.88,84,65,6.73,CL,1695606305
249,esfarayen,37.0765,57.5101,46.06,30,4,3.53,IR,1695606433
250,lusambo,-4.9667,23.45,69.8,98,100,1.81,CD,1695606433
251,iskateley,67.6803,53.1512,43.93,90,100,6.58,RU,1695606264
252,horta,38.5333,-28.6333,71.02,67,100,15.99,PT,1695606282
253,tura,25.5198,90.2201,73.94,97,98,1.28,IN,1695606266
254,kingston,17.997,-76.7936,85.15,78,20,6.91,JM,1695606295
255,ust'-charyshskaya pristan',52.3934,83.6635,42.12,91,100,13.09,RU,1695606433
256,pajapan,18.25,-94.7,77.34,87,70,5.93,MX,1695606433
257,haiku-pauwela,20.9219,-156.3051,84.22,65,20,24.16,US,1695606266
258,twon-brass,4.3151,6.2418,78.46,84,88,4.5,NG,1695606433
259,trinidad,-14.8333,-64.9,86.34,31,2,4.85,BO,1695606434
260,sisimiut,66.9395,-53.6735,35.38,47,100,4.72,GL,1695606314
261,murray bridge,-35.1167,139.2667,65.34,55,72,13.85,AU,1695606434
262,nar'yan-mar,67.6713,53.087,44.02,90,100,6.58,RU,1695606275
263,mazagao,-0.115,-51.2894,84.25,77,3,5.82,BR,1695606434
264,quatre cocos,-20.2078,57.7625,71.71,70,21,13.04,MU,1695606434
265,priargunsk,50.3691,119.1012,55.17,75,99,5.93,RU,1695606434
266,rakops,-21.0167,24.3333,80.26,20,98,4.54,BW,1695606434
267,chilecito,-29.1619,-67.4974,62.6,82,67,7.99,AR,1695606434
268,loen,7.7601,168.2307,84.43,73,99,9.42,MH,1695606435
269,tolanaro,-25.0319,46.9987,64.47,94,0,2.3,MG,1695606262
270,manokwari,-0.8667,134.0833,83.16,68,85,5.53,ID,1695606435
271,bonthe,7.5264,-12.505,77.38,88,100,5.5,SL,1695606301
272,whitehorse,60.7161,-135.0538,43.57,81,100,4.61,CA,1695606060
273,brindisi,40.5833,17.6667,64.76,72,60,14.74,IT,1695606435
274,birobidzhan,48.8,132.95,60.57,62,100,3.0,RU,1695606435
275,mogocha,53.7333,119.7667,47.77,91,100,8.86,RU,1695606435
276,hadibu,12.65,54.0333,79.63,83,34,12.88,YE,1695606267
277,narvik,68.4384,17.4272,48.38,99,100,6.22,NO,1695606435
278,amungan,15.3652,119.9582,85.39,73,94,5.06,PH,1695606436
279,hamamatsu,34.7,137.7333,81.01,52,100,5.99,JP,1695606299
280,siwa oasis,29.2041,25.5195,77.74,40,0,2.42,EG,1695606436
281,kotel'nich,58.3089,48.348,56.32,59,88,9.62,RU,1695606436
282,palmer,42.1584,-72.3287,59.14,82,100,9.22,US,1695606291
283,taro,-8.3862,115.28,71.6,43,85,4.99,ID,1695606436
284,ostersund,63.1792,14.6357,48.65,71,100,10.36,SE,1695606436
285,sinabang,2.4803,96.3801,80.56,79,24,11.27,ID,1695606287
286,port lincoln,-34.7333,135.8667,60.51,63,13,12.21,AU,1695606297
287,ketchikan,55.3422,-131.6461,54.07,94,40,4.61,US,1695606437
288,reggane,26.7158,0.1714,94.93,15,67,14.83,DZ,1695606324
289,nagqu,31.5,92.0,45.97,62,52,10.74,CN,1695606437
290,jalalabad,34.4265,70.4515,74.08,55,0,0.49,AF,1695606437
291,tinajo,29.0788,-13.7081,72.48,64,0,9.22,ES,1695606437
292,okhotsk,59.3833,143.3,48.58,53,4,12.84,RU,1695606437
293,susuman,62.7833,148.1667,34.93,55,93,7.99,RU,1695606262
294,fale old settlement,-9.3852,-171.2468,82.72,80,44,23.0,TK,1695606275
295,new norfolk,-42.7826,147.0587,54.72,86,99,4.09,AU,1695606277
296,dudinka,69.4058,86.1778,36.63,97,100,25.75,RU,1695606311
297,hasaki,35.7333,140.8333,79.29,61,96,15.43,JP,1695606438
298,manismata,-2.4667,111.0333,87.37,56,57,4.79,ID,1695606438
299,gwadar,25.1216,62.3254,80.15,59,1,4.63,PK,1695606438
300,viljandi,58.3639,25.59,46.31,96,38,4.83,EE,1695606438
301,campoverde,-8.4753,-74.8058,83.89,50,99,0.92,PE,1695606438
302,santa elena de uairen,4.6167,-61.1333,69.69,83,82,2.64,VE,1695606317
303,vila velha,-20.3297,-40.2925,76.95,91,0,12.66,BR,1695606438
304,bardai,11.65,7.2333,73.92,82,100,4.05,NG,1695606324
305,garcia,25.8167,-100.5833,94.37,49,0,8.99,MX,1695606438
306,acarau,-2.8856,-40.12,78.71,85,4,15.03,BR,1695606267
307,barra de santo antonio,-9.4047,-35.5072,74.48,87,13,9.33,BR,1695606278
308,shanwei,22.782,115.3475,84.72,68,0,9.98,CN,1695606439
309,cadale,2.7603,46.3222,77.54,84,12,15.55,SO,1695606439
310,udachny,66.4167,112.4,52.45,71,35,9.1,RU,1695606295
311,tvoroyri,61.5556,-6.8111,51.35,99,100,15.03,FO,1695606439
312,muang phonsavan,19.45,103.2167,72.81,78,59,3.2,LA,1695606439
313,pavlovka,52.6897,47.1405,56.12,43,1,2.1,RU,1695606439
314,kayangel,8.0823,134.7173,82.11,82,100,25.43,PW,1695606440
315,wuwei,37.9281,102.6414,60.67,51,99,4.88,CN,1695606315
316,karratha,-20.7377,116.8463,87.48,26,2,15.41,AU,1695606440
317,kupino,54.3663,77.2981,47.59,87,100,7.07,RU,1695606440
318,trondheim,63.4305,10.3951,57.25,84,100,9.78,NO,1695606367
319,port saint john's,-31.6229,29.5448,68.23,95,100,22.28,ZA,1695606440
320,soure,-0.7167,-48.5233,81.59,75,0,14.97,BR,1695606440
321,flying fish cove,-10.4217,105.6791,76.68,83,100,14.97,CX,1695606295
322,pajok,3.8651,32.4821,66.13,98,41,3.51,SS,1695606440
323,tavda,58.0425,65.2726,51.73,95,3,5.84,RU,1695606441
324,minggang,32.4586,114.0486,63.77,94,100,5.97,CN,1695606262
325,vredefort,-27.0081,27.3646,66.2,36,100,22.37,ZA,1695606441
326,anloga,5.7947,0.8973,77.94,88,92,9.62,GH,1695606441
327,cannonvale,-20.2833,148.7,70.99,57,9,17.43,AU,1695606291
328,usinsk,65.9939,57.5281,53.06,96,100,7.83,RU,1695606290
329,hakui,36.8833,136.7833,84.13,65,100,5.68,JP,1695606441
330,portage la prairie,49.9728,-98.2926,61.11,71,100,10.13,CA,1695606441
331,mombetsu,44.3525,143.3525,69.82,52,75,3.44,JP,1695606441
332,tannum sands,-23.9504,151.3693,75.09,46,75,13.8,AU,1695606442
333,melfort,52.8667,-104.6177,61.97,71,74,7.85,CA,1695606325
334,colonia menno,-22.3667,-59.8167,89.37,24,15,9.73,PY,1695606331
335,princeville,45.7668,-61.2985,55.08,92,0,2.3,CA,1695606442
336,bodaybo,57.8506,114.1933,57.18,62,99,1.86,RU,1695606442
337,trairi,-3.2778,-39.2689,79.11,83,23,10.76,BR,1695606005
338,tamanrasset,22.785,5.5228,78.71,11,4,11.5,DZ,1695606279
339,chepo,9.1667,-79.1,78.58,93,100,1.72,PA,1695606442
340,nemuro,43.3236,145.575,63.77,73,88,10.78,JP,1695606310
341,guerrero negro,27.9769,-114.0611,70.52,76,6,19.15,MX,1695606317
342,hirara,24.8,125.2833,86.27,79,40,11.5,JP,1695606290
343,al qadarif,14.0349,35.3834,69.8,87,100,21.85,SD,1695606443
344,santa cruz,-17.8,-63.1667,83.66,65,0,9.22,BO,1695606443
345,chilmari,25.5559,89.6715,76.23,96,100,5.17,BD,1695606443
346,oodweyne,9.4092,45.064,74.61,61,5,12.01,SO,1695606443
347,soio,-6.1349,12.3689,74.7,87,97,8.25,AO,1695606443
348,aras-asan,8.8908,126.3033,86.81,63,29,1.45,PH,1695606443
349,murun-kuren,49.6342,100.1625,45.93,75,100,10.4,MN,1695606443
350,trinity beach,-16.7888,145.6968,77.05,74,40,11.5,AU,1695606444
351,manicore,-5.8092,-61.3003,80.11,68,98,2.28,BR,1695606444
352,cavalaire-sur-mer,43.174,6.5272,57.02,58,9,4.45,FR,1695606444
353,taoudenni,22.6783,-3.9836,94.93,11,27,6.17,ML,1695606332
354,harnai,30.1005,67.9374,74.93,29,0,3.47,PK,1695606444
355,diffa,13.3154,12.6113,85.24,42,54,7.16,NE,1695606444
356,bintulu,3.1667,113.0333,81.01,88,20,5.99,MY,1695606444
357,sao vicente,-23.9631,-46.3919,79.27,93,86,11.32,BR,1695606445
358,bayt lid,32.2609,35.1317,68.92,75,0,3.27,PS,1695606445
359,novo aripuana,-5.1206,-60.3797,84.9,50,77,2.55,BR,1695606445
360,luderitz,-26.6481,15.1594,53.91,77,80,2.64,NA,1695606290
361,kangding,30.0513,101.9603,59.79,92,91,3.42,CN,1695606445
362,miramar beach,30.3744,-86.3586,84.22,60,0,5.75,US,1695606445
363,ylistaro,62.9396,22.5131,47.19,90,58,5.37,FI,1695606445
364,khandyga,62.6667,135.6,41.32,66,9,1.81,RU,1695606296
365,gorodoviki,46.1353,41.9656,61.34,58,0,12.15,RU,1695606446
366,severoural'sk,60.1533,59.952,52.97,72,2,6.51,RU,1695606446
367,codrington,-38.2667,141.9667,60.39,79,68,11.81,AU,1695606446
368,machico,32.7,-16.7667,74.71,87,40,3.44,PT,1695606281
369,nabire,-3.3667,135.4833,77.9,86,100,2.28,ID,1695606446
370,kimbe,-5.5502,150.1429,88.54,62,99,4.41,PG,1695606293
371,nileshwar,12.25,75.1,78.19,85,52,4.29,IN,1695606446
372,kiffa,16.6166,-11.4045,88.84,44,85,9.33,MR,1695606447
373,el idrissia,34.4454,2.5275,70.88,42,10,6.2,DZ,1695606447
374,kasongo-lunda,-6.4667,16.8167,71.87,91,97,1.01,CD,1695606447
375,paungde,18.4833,95.5,82.22,83,15,1.63,MM,1695606447
376,santa ana,33.7456,-117.8678,81.66,70,0,8.05,US,1695606447
377,paris,48.8534,2.3488,57.11,80,0,3.44,FR,1695606279
378,zemio,5.0314,25.1361,67.44,97,91,1.28,CF,1695606447
379,la sarre,48.8002,-79.1996,51.78,68,0,5.5,CA,1695606310
380,poshekhon'ye,58.4993,39.1353,54.59,97,32,7.27,RU,1695606447
381,mbandaka,0.0487,18.2603,70.21,86,96,2.19,CD,1695606448
382,vadso,70.0744,29.7487,44.76,81,100,6.91,NO,1695606284
383,kapuskasing,49.4169,-82.4331,59.09,82,20,8.05,CA,1695606182
384,kutahya,39.4242,29.9833,59.13,51,0,1.99,TR,1695606448
385,gadzhiyevo,69.2551,33.3362,39.78,86,95,10.89,RU,1695606448
386,nizhniy kuranakh,58.8353,125.4869,55.04,78,76,2.8,RU,1695606448
387,swift current,50.2834,-107.8014,65.21,36,0,6.91,CA,1695606448
388,hammerfest,70.6634,23.6821,39.65,93,100,2.3,NO,1695606316
389,cam ranh,11.9214,109.1591,84.16,84,75,2.3,VN,1695606448
390,bamboo flat,11.7,92.7167,77.09,94,75,6.91,IN,1695606449
391,kegeyli shahar,42.7767,59.6078,55.49,34,0,9.55,UZ,1695606449
392,bandarbeyla,9.4942,50.8122,78.33,77,15,21.54,SO,1695606273
393,sur,22.5667,59.5289,82.31,61,20,6.33,OM,1695606284
394,al hudaydah,14.7978,42.9545,88.39,66,46,9.78,YE,1695606449
395,gadani,25.1185,66.7299,80.82,76,15,6.98,PK,1695606449
396,lompoc,34.6391,-120.4579,68.77,75,0,9.22,US,1695606281
397,san pedro,14.35,121.0167,87.26,80,75,3.0,PH,1695606304
398,mossel bay,-34.1831,22.146,58.71,84,41,7.63,ZA,1695606290
399,barquisimeto,10.0739,-69.3228,72.46,93,100,8.84,VE,1695606449
400,boldumsaz,42.1282,59.671,57.25,43,0,9.37,TM,1695606450
401,kincardine,56.0667,-3.7167,58.57,88,59,18.77,GB,1695606450
402,kuqa,41.7278,82.9364,60.37,51,6,4.14,CN,1695606450
403,dabat,12.9842,37.765,53.82,78,100,0.54,ET,1695606450
404,baise city,23.8997,106.6133,84.97,74,11,1.05,CN,1695606270
405,bojnurd,37.4747,57.329,48.15,46,0,0.0,IR,1695606450
406,tukzar,35.9483,66.4213,52.39,40,0,2.28,AF,1695606450
407,xining,36.6167,101.7667,51.67,80,99,3.8,CN,1695606252
408,timimoun,29.2639,0.231,84.58,23,0,11.5,DZ,1695606450
409,yanbu,24.0891,38.0637,93.24,55,20,4.61,SA,1695606451
410,holyhead,53.3062,-4.6321,60.8,88,100,27.63,GB,1695606451
411,glace bay,46.1969,-59.957,55.58,90,40,5.75,CA,1695606451
412,stepnoye,51.4,46.8667,60.67,43,10,4.16,RU,1695606451
413,west frankfort,37.8978,-88.9315,68.04,86,75,6.91,US,1695606451
414,kapoeta,4.7717,33.5903,80.22,55,96,2.37,SS,1695606451
415,miracema do tocantins,-9.5618,-48.3967,88.27,35,84,1.72,BR,1695606451
416,sao paulo de olivenca,-3.3783,-68.8725,77.13,82,9,2.68,BR,1695606452
417,kununurra,-15.7667,128.7333,89.58,45,30,9.22,AU,1695606452
418,kokopo,-4.352,152.2633,78.93,88,100,13.0,PG,1695606307
419,fuxin,42.0156,121.6589,66.43,66,100,7.16,CN,1695606449
420,juneau,58.3019,-134.4197,47.41,97,100,0.0,US,1695606258
421,haparanda,65.8355,24.1368,37.45,87,45,12.17,SE,1695606452
422,las heras,-46.5419,-68.9359,43.99,52,3,8.75,AR,1695606047
423,cill airne,52.05,-9.5167,55.81,89,86,13.76,IE,1695606452
424,portland,45.5234,-122.6762,60.84,90,100,17.27,US,1695605854
425,sinhyeon,34.8825,128.6267,75.09,77,100,13.69,KR,1695606453
426,linjiang,41.8069,126.9078,62.51,72,100,2.42,CN,1695606453
427,cheney,47.4874,-117.5758,64.74,49,100,9.22,US,1695606453
428,luwuk,-0.9516,122.7875,85.44,56,41,8.08,ID,1695606343
429,dalandzadgad,43.5708,104.425,53.08,56,44,16.93,MN,1695606274
430,choyr,46.3611,108.3611,52.03,57,100,6.04,MN,1695606227
431,al kharijah,25.4514,30.5464,79.36,25,0,7.72,EG,1695606453
432,kachug,53.9606,105.8817,49.01,93,100,3.67,RU,1695606453
433,arteche,12.2645,125.4048,83.86,80,81,7.34,PH,1695606277
434,anatuya,-28.4606,-62.8347,70.11,60,96,15.84,AR,1695606454
435,astaneh-ye ashrafiyeh,37.2596,49.9444,65.19,78,17,4.52,IR,1695606454
436,ta`u,-14.2336,-169.5144,77.95,70,87,24.92,AS,1695606283
437,dakhla,23.6848,-15.958,68.68,85,100,17.54,EH,1695606454
438,romanovo,52.6182,81.2271,44.35,92,100,5.95,RU,1695606454
439,ponta delgada,37.7333,-25.6667,63.32,77,20,3.44,PT,1695606333
440,sinop,41.7711,34.8709,58.8,83,0,2.19,TR,1695606277
441,itoman,26.1247,127.6694,86.4,81,40,13.8,JP,1695606308
442,peterborough,52.5736,-0.2478,63.36,77,100,17.27,GB,1695606340
443,malvan,16.0667,73.4667,79.41,85,100,4.9,IN,1695606455
444,puerto deseado,-47.7503,-65.8938,45.36,61,87,9.22,AR,1695606046
445,chiredzi,-21.05,31.6667,69.76,67,1,6.29,ZW,1695606455
446,labytnangi,66.6572,66.4183,55.74,85,100,10.18,RU,1695606455
447,castillos,-34.1667,-53.8333,50.29,65,99,8.03,UY,1695606317
448,east ballina,-28.8667,153.5833,68.95,49,49,7.2,AU,1695606455
449,oltiariq,40.3919,71.4742,56.95,28,0,1.7,UZ,1695606455
450,ambalangoda,6.2355,80.0538,79.66,87,94,9.91,LK,1695606455
451,egilsstadir,65.2653,-14.3948,42.71,93,100,14.97,IS,1695606333
452,iaciara,-14.0958,-46.6317,84.27,22,50,2.95,BR,1695606456
453,fockbek,54.3,9.6,56.08,90,5,8.05,DE,1695606456
454,prince rupert,54.3161,-130.3201,64.49,64,0,12.66,CA,1695606221
455,paramonga,-10.6667,-77.8333,66.11,87,68,10.07,PE,1695606456
456,dryden,49.7833,-92.7503,61.09,63,100,9.22,CA,1695606310
457,kita,13.0349,-9.4895,74.3,84,10,2.33,ML,1695606456
458,ausa,41.9271,2.2497,63.28,94,14,2.55,ES,1695606456
459,murghob,38.1702,73.9667,39.52,20,100,4.0,TJ,1695606275
460,as pontes de garcia rodriguez,43.4527,-7.8518,62.91,83,99,1.3,ES,1695606456
461,huarmey,-10.0681,-78.1522,67.59,84,57,10.42,PE,1695606327
462,preobrazheniye,42.9019,133.9064,64.29,51,100,4.81,RU,1695606457
463,villafranca tirrena,38.2401,15.4374,69.85,84,47,7.45,IT,1695606457
464,ola,59.5833,151.2833,46.15,81,100,10.16,RU,1695606323
465,carauari,-4.8828,-66.8958,77.58,77,22,2.62,BR,1695606457
466,la ronge,55.1001,-105.2842,64.65,68,75,5.75,CA,1695606289
467,keelung,25.1283,121.7419,94.05,70,0,7.34,TW,1695606457
468,soltepec,19.1167,-97.7,56.98,73,9,7.56,MX,1695606457
469,kill devil hills,36.0307,-75.676,73.42,91,0,4.61,US,1695606325
470,minot air force base,48.4209,-101.3391,60.98,96,100,10.36,US,1695606457
471,daru,-9.0763,143.2092,76.82,85,100,15.21,PG,1695606330
472,rockland,41.1668,-74.0496,61.65,95,100,11.03,US,1695606041
473,tocoa,15.6833,-86.0,75.78,95,54,1.34,HN,1695606458
474,dokuchayevs'k,47.7477,37.6738,59.85,48,0,8.57,UA,1695606458
475,natal,-5.795,-35.2094,77.22,88,20,5.75,BR,1695606458
476,port augusta,-32.5,137.7667,74.16,38,8,15.95,AU,1695606458
477,kavaratti,10.5669,72.642,82.47,75,75,14.23,IN,1695606300
478,vanimo,-2.6741,141.3028,84.47,70,81,2.71,PG,1695606458
479,mersing,2.4312,103.8405,76.91,94,20,0.0,MY,1695606458
480,kropyvnytskyi,48.5132,32.2597,60.8,44,3,5.5,UA,1695606458
481,el nido,11.1858,119.3956,83.68,76,99,10.8,PH,1695606459
482,tromso,69.6496,18.957,44.62,87,100,10.36,NO,1695606459
483,paphos,34.7667,32.4167,73.18,33,0,6.91,CY,1695606459
484,grand falls-windsor,48.9332,-55.6649,51.51,92,100,5.26,CA,1695606283
485,hithadhoo,-0.6,73.0833,81.95,76,99,9.89,MV,1695606262
486,villa gesell,-37.2639,-56.973,48.06,61,93,8.01,AR,1695606459
487,yandev,7.3667,9.05,73.6,94,100,5.57,NG,1695606459
488,opuwo,-18.0607,13.84,60.69,26,3,3.71,NA,1695606301
489,berdigestyakh,62.0989,126.6992,44.55,61,100,2.1,RU,1695606459
490,sarupathar,26.1984,93.8094,78.69,90,37,1.45,IN,1695606459
491,aglona,56.1333,27.0167,45.75,96,0,3.78,LV,1695606460
492,amga,60.8953,131.9608,47.53,55,17,1.57,RU,1695606460
493,rundu,-17.9333,19.7667,72.28,25,37,7.92,NA,1695606460
494,sirpur,19.4833,79.6,77.16,92,100,2.77,IN,1695606460
495,uttaradit,17.6667,100.5,79.99,77,81,0.85,TH,1695606460
496,tofol,5.3248,163.0078,87.58,70,75,3.44,FM,1695606297
497,mubende,0.5606,31.39,60.06,98,71,1.88,UG,1695606460
498,breckenridge,32.7557,-98.9023,91.6,38,0,4.61,US,1695606460
499,sandnessjoen,66.0217,12.6316,41.52,72,76,13.33,NO,1695606295
500,siverek,37.755,39.3167,75.0,23,0,2.71,TR,1695606461
501,calvi,42.5,8.8333,54.23,63,0,5.75,FR,1695606461
502,kharabali,47.4196,47.2568,63.01,51,100,8.88,RU,1695606461
503,colonel hill,22.7667,-74.2167,84.96,79,100,16.44,BS,1695606461
504,holualoa,19.6228,-155.9522,78.64,79,75,11.5,US,1695606293
505,zilair,52.2332,57.4392,52.25,87,1,2.86,RU,1695606461
506,san pedro del parana,-26.8333,-56.2,76.19,87,3,5.57,PY,1695606461
507,garhi khairo,28.0606,67.9803,80.92,47,0,2.84,PK,1695606461
508,ilabaya,-17.4208,-70.5133,66.74,50,52,1.9,PE,1695606462
509,nguigmi,14.2495,13.1092,88.14,40,74,7.09,NE,1695606462
510,kapa'a,22.0752,-159.319,85.98,66,40,14.97,US,1695606303
511,tubarjal,30.4999,38.216,76.06,46,0,10.74,SA,1695606462
512,tucuma,-0.1833,-50.05,79.11,81,2,7.78,BR,1695606462
513,victorica,-36.2151,-65.4359,53.33,65,92,3.6,AR,1695606462
514,kandyagash,49.4744,57.4233,57.42,56,0,3.62,KZ,1695606462
515,tsiombe,-25.3,45.4833,66.67,94,0,2.84,MG,1695606291
516,basco,20.4487,121.9702,84.16,75,15,15.01,PH,1695606463
517,darwin,-12.4611,130.8418,89.89,56,40,2.3,AU,1695606463
518,kristiansund,63.1115,7.732,57.85,58,75,5.75,NO,1695606463
519,quartu sant'elena,39.2419,9.1839,64.0,72,0,5.75,IT,1695606463
520,bahia de caraquez,-0.6,-80.4167,75.38,82,95,8.88,EC,1695606463
521,qobustan,40.0824,49.412,70.14,44,43,5.48,AZ,1695606463
522,ouani,-12.1322,44.4258,76.26,78,7,7.43,KM,1695606463
523,sainte-marie,-20.8968,55.5496,71.73,76,0,9.22,RE,1695606463
524,touros,-5.1989,-35.4608,78.1,80,1,15.79,BR,1695606305
525,gujrat,32.5728,74.079,73.36,77,27,4.99,PK,1695606464
526,upington,-28.4478,21.2561,48.58,66,20,12.66,ZA,1695606464
527,virginia,37.5481,-77.4467,67.98,94,100,3.44,US,1695606250
528,westerland,54.9079,8.3033,57.22,82,39,17.27,DE,1695606464
529,kuraymah,18.55,31.85,87.64,20,4,8.39,SD,1695606464
530,pilar,-9.5972,-35.9567,73.33,96,29,3.87,BR,1695606464
531,olyokminsk,60.3736,120.4264,57.6,68,12,1.01,RU,1695606308
532,boguchany,58.3814,97.4531,40.68,77,96,1.36,RU,1695606464
533,rampura,30.25,75.2333,78.46,76,0,7.74,IN,1695606464
534,al majaridah,19.1236,41.9111,88.2,40,0,2.06,SA,1695606464
535,barra do garcas,-15.89,-52.2567,84.04,35,3,0.45,BR,1695606465
536,mejit,10.2753,170.8646,83.26,78,99,20.6,MH,1695606281
537,ebon,4.582,168.6964,84.76,70,76,7.65,MH,1695606465
538,toliara,-23.35,43.6667,69.3,71,0,6.04,MG,1695606299
539,merizo village,13.2658,144.6691,87.53,89,37,7.09,GU,1695606465
540,kurkino,53.4257,38.6582,56.68,51,11,7.36,RU,1695606465
541,pointe aux piments,-20.0628,57.5131,72.16,70,3,15.3,MU,1695606465
542,ha tinh,18.3333,105.9,77.72,92,100,9.64,VN,1695606465
543,corn island,12.1694,-83.0418,84.52,77,68,9.42,NI,1695606465
544,greenland,43.0362,-70.8328,60.12,90,100,3.44,US,1695606466
545,jeddah,21.5169,39.2192,84.06,89,1,6.91,SA,1695606466
546,rumbek,6.802,29.6912,69.96,98,100,3.4,SS,1695606466
